{"timestamps": [1639670918.311941, 1639670924.953768, 1639670932.129238, 1639670950.625831, 1639670973.648637, 1639671008.928102, 1639671047.011994, 1639671088.98811, 1639671136.770472, 1639671187.49583], "initial_reset_timestamp": 1639670914.884694, "episode_types": ["t", "t", "t", "t", "t", "t", "t", "t", "t", "t"], "episode_lengths": [11, 14, 2, 52, 22, 57, 15, 17, 28, 13], "episode_rewards": [-170.0, -171.0, -195.0, -109.0, -163.0, -52.0, -150.0, -144.0, -85.0, -148.0]}