{"time": [33.0, 36.0, 24.0, 22.0, 22.0, 21.0, 26.0, 27.0, 15.0, 14.0, 15.0, 21.0, 22.0, 22.0, 12.0, 21.0, 10.0, 10.0, 10.0, 12.0, 12.0, 21.0, 11.0, 51.0, 9.0, 12.0, 15.0, 10.0, 13.0, 12.0, 12.0, 28.0, 9.0, 10.0, 14.0, 27.0, 25.0, 26.0, 26.0, 34.0, 33.0, 22.0, 24.0, 25.0, 23.0, 26.0, 25.0, 24.0, 12.0, 22.0], "rewards": [450, 560, 180, 120, 100, 90, 300, 350, 190, 100, 150, 130, 160, 180, 60, 150, 0, 20, 20, 60, 60, 130, 30, 790, 10, 80, 170, 0, 90, 80, 80, 300, 30, 20, 120, 330, 290, 320, 300, 500, 470, 200, 260, 270, 190, 320, 290, 260, 60, 180], "model": "DQN(\n  (fc1): Linear(in_features=120, out_features=64, bias=True)\n  (fc2): Linear(in_features=64, out_features=128, bias=True)\n  (fc3): Linear(in_features=128, out_features=256, bias=True)\n  (fc4): Linear(in_features=256, out_features=128, bias=True)\n  (fc5): Linear(in_features=128, out_features=64, bias=True)\n  (fc6): Linear(in_features=64, out_features=32, bias=True)\n  (head): Linear(in_features=32, out_features=3, bias=True)\n)", "gamma": 0.999, "epsilon_start": 0.9, "epsilon_end": 0.05, "epsilon_decay": 50, "n_episodes": 50, "batch_size": 128, "optimizer": "RMSprop (\nParameter Group 0\n    alpha: 0.99\n    centered: False\n    differentiable: False\n    eps: 1e-08\n    foreach: None\n    lr: 0.00025\n    maximize: False\n    momentum: 0\n    weight_decay: 0\n)", "learning_rate": 0.00025}