{"time": [21.0, 30.0, 50.0, 33.0, 53.0, 74.0, 24.0, 43.0, 71.0, 41.0, 66.0, 144.0, 193.0, 85.0, 20.0, 57.0, 145.0, 252.0, 100.0, 130.0, 51.0, 56.0, 45.0, 67.0, 8.0, 9.0, 23.0, 25.0, 18.0, 20.0, 20.0, 27.0, 20.0, 15.0, 21.0, 21.0, 22.0, 31.0, 39.0, 25.0, 64.0, 38.0, 21.0, 37.0, 58.0, 31.0, 23.0, 23.0, 31.0, 28.0], "rewards": [370, 700, 1300, 810, 1450, 1940, 480, 1010, 1950, 1030, 1800, 4000, 5610, 2430, 400, 1530, 3750, 7060, 2820, 3600, 1410, 1560, 1150, 1450, 0, 30, 210, 290, 320, 120, 360, 330, 100, 170, 150, 150, 180, 470, 690, 270, 1660, 920, 170, 690, 1320, 630, 510, 450, 730, 640], "model": "DQN(\n  (fc1): Linear(in_features=120, out_features=64, bias=True)\n  (fc2): Linear(in_features=64, out_features=128, bias=True)\n  (fc3): Linear(in_features=128, out_features=256, bias=True)\n  (fc4): Linear(in_features=256, out_features=128, bias=True)\n  (fc5): Linear(in_features=128, out_features=64, bias=True)\n  (fc6): Linear(in_features=64, out_features=32, bias=True)\n  (head): Linear(in_features=32, out_features=3, bias=True)\n)", "gamma": 0.999, "epsilon_start": 0.9, "epsilon_end": 0.05, "epsilon_decay": 50, "n_episodes": 50, "batch_size": 32, "optimizer": "RMSprop (\nParameter Group 0\n    alpha: 0.99\n    centered: False\n    differentiable: False\n    eps: 1e-08\n    foreach: None\n    lr: 0.00025\n    maximize: False\n    momentum: 0\n    weight_decay: 0\n)", "learning_rate": 0.00025}